Content,Origin,Eating_Disorder,Type,Method
"Just had a regular meal, nothing special",mixtral,0,Comment,Generated
Cooking dinner for myself tonight,mixtral,0,Comment,Generated
Grabbing a quick bite before work,mixtral,0,Comment,Generated
Making a sandwich for lunch,mixtral,0,Comment,Generated
Having a bowl of cereal for breakfast,mixtral,0,Comment,Generated
Trying a new recipe for dinner,mixtral,0,Comment,Generated
Making pasta for dinner,mixtral,0,Comment,Generated
Going out for a casual dinner,mixtral,0,Comment,Generated
Eating a banana for a snack,mixtral,0,Comment,Generated
Drinking a protein shake after a workout,mixtral,0,Comment,Generated
Having a salad for lunch,mixtral,0,Comment,Generated
Eating a homemade meal,mixtral,0,Comment,Generated
Ordering takeout for dinner,mixtral,0,Comment,Generated
Trying a new restaurant,mixtral,0,Comment,Generated
Packing a lunch for work,mixtral,0,Comment,Generated
Making scrambled eggs for breakfast,mixtral,0,Comment,Generated
Eating leftovers for lunch,mixtral,0,Comment,Generated
Trying to eat healthy today,mixtral,0,Comment,Generated
Eating a balanced diet,mixtral,0,Comment,Generated
Drinking water throughout the day,mixtral,0,Comment,Generated
Eating fruits and vegetables,mixtral,0,Comment,Generated
Trying to eat less processed foods,mixtral,0,Comment,Generated
Cooking dinner with friends,mixtral,0,Comment,Generated
Eating a turkey sandwich for lunch,mixtral,0,Comment,Generated
Having chicken and rice for dinner,mixtral,0,Comment,Generated
Eating a yogurt for a snack,mixtral,0,Comment,Generated
Drinking a smoothie for breakfast,mixtral,0,Comment,Generated
Eating a vegetarian meal,mixtral,0,Comment,Generated
Having a burger and fries for lunch,mixtral,0,Comment,Generated
Eating pizza for dinner,mixtral,0,Comment,Generated
Trying a new type of cuisine,mixtral,0,Comment,Generated
Eating a granola bar for a snack,mixtral,0,Comment,Generated
Having oatmeal for breakfast,mixtral,0,Comment,Generated
Eating a stir-fry for dinner,mixtral,0,Comment,Generated
Drinking green tea throughout the day,mixtral,0,Comment,Generated
Eating a sandwich for lunch,mixtral,0,Comment,Generated
Having a quesadilla for dinner,mixtral,0,Comment,Generated
Eating a piece of fruit for a snack,mixtral,0,Comment,Generated
Drinking a cup of coffee in the morning,mixtral,0,Comment,Generated
Eating a bagel for breakfast,mixtral,0,Comment,Generated
Having a burrito for lunch,mixtral,0,Comment,Generated
Eating a sushi roll for dinner,mixtral,0,Comment,Generated
Trying a new food truck,mixtral,0,Comment,Generated
Eating a chicken Caesar salad for lunch,mixtral,0,Comment,Generated
Having a bowl of soup for dinner,mixtral,0,Comment,Generated
Eating a snack before bed,mixtral,0,Comment,Generated
Drinking a protein shake after a workout,mixtral,0,Comment,Generated
Eating a handful of almonds for a snack,mixtral,0,Comment,Generated
Having a Greek yogurt for breakfast,mixtral,0,Comment,Generated
Eating a chicken stir-fry for dinner,mixtral,0,Comment,Generated
"I've been working on maintaining a healthy weight, and I'm proud of my progress.",mixtral,0,Comment,Generated
"I've been focusing on self-care and mindful eating, and it's been great for my overall health.",mixtral,0,Comment,Generated
I've been trying to stay active and eat balanced meals to keep my energy levels up.,mixtral,0,Comment,Generated
I've been paying more attention to my body's needs and making sure I'm fueling it properly.,mixtral,0,Comment,Generated
I've been working on developing a positive relationship with food and exercise.,mixtral,0,Comment,Generated
I've been focusing on building strength and endurance rather than just losing weight.,mixtral,0,Comment,Generated
I've been making sure to get enough rest and prioritize my mental health along with my physical health.,mixtral,0,Comment,Generated
I've been trying to avoid comparing my body to others and focusing on my own progress.,mixtral,0,Comment,Generated
"I've been taking time to appreciate my body for all it does for me, rather than just focusing on the numbers on the scale.",mixtral,0,Comment,Generated
"I've been working on finding joy in movement and nourishment, rather than just seeing it as a means to an end.",mixtral,0,Comment,Generated
"I've been focusing on building a sustainable lifestyle, rather than just trying to lose weight quickly.",mixtral,0,Comment,Generated
I've been practicing self-compassion and reminding myself that progress takes time.,mixtral,0,Comment,Generated
I've been trying to listen to my body's hunger and fullness cues and honoring them.,mixtral,0,Comment,Generated
I've been working on incorporating more variety in my diet to ensure I'm getting all the nutrients my body needs.,mixtral,0,Comment,Generated
I've been trying to avoid restrictive dieting and instead focus on making sustainable changes.,mixtral,0,Comment,Generated
I've been working on finding a balance between enjoying treats and nourishing my body with whole foods.,mixtral,0,Comment,Generated
I've been focusing on building a positive mindset around food and exercise.,mixtral,0,Comment,Generated
"I've been practicing self-care and self-love, and it's been great for my overall well-being.",mixtral,0,Comment,Generated
I've been trying to find joy in the journey and celebrate my progress along the way.,mixtral,0,Comment,Generated
"I've been focusing on building a healthy relationship with my body, rather than trying to change it.",mixtral,0,Comment,Generated
I've been working on developing a growth mindset and reminding myself that progress is possible.,mixtral,0,Comment,Generated
I've been trying to avoid negative self-talk and instead focus on the positive changes I'm making.,mixtral,0,Comment,Generated
"I've been focusing on the process rather than the end goal, and it's been helpful for maintaining motivation.",mixtral,0,Comment,Generated
"I've been working on finding pleasure in movement and nourishment, rather than just viewing it as a chore.",mixtral,0,Comment,Generated
I've been trying to find a balance between pushing myself and listening to my body's limits.,mixtral,0,Comment,Generated
I've been focusing on self-acceptance and reminding myself that all bodies are good bodies.,mixtral,0,Comment,Generated
I've been working on developing a healthy body image and appreciating my body for all its capabilities.,mixtral,0,Comment,Generated
I've been trying to avoid the comparison trap and instead focus on my own journey.,mixtral,0,Comment,Generated
I've been focusing on building a sustainable routine that fits my lifestyle and preferences.,mixtral,0,Comment,Generated
I've been working on developing a healthy relationship with food that's not based on restriction.,mixtral,0,Comment,Generated
I've been trying to find joy in the everyday moments and appreciate my body for all it does for me.,mixtral,0,Comment,Generated
I've been focusing on building a positive community of support and encouragement.,mixtral,0,Comment,Generated
I've been trying to avoid negative influences and instead surround myself with positivity.,mixtral,0,Comment,Generated
I've been working on finding a balance between my physical and mental health.,mixtral,0,Comment,Generated
I've been trying to avoid the all-or-nothing mindset and instead find a balance that works for me.,mixtral,0,Comment,Generated
I've been focusing on self-care and prioritizing my mental and emotional well-being.,mixtral,0,Comment,Generated
I've been working on finding a balance between my health goals and my enjoyment of life.,mixtral,0,Comment,Generated
I've been trying to avoid the perfectionist mindset and instead focus on progress over perfection.,mixtral,0,Comment,Generated
I've been focusing on building resilience and reminding myself that setbacks are a normal part of the journey.,mixtral,0,Comment,Generated
I've been working on developing a healthy relationship with my body that's not based on societal standards.,mixtral,0,Comment,Generated
I've been trying to avoid the comparison game and instead focus on my own growth and development.,mixtral,0,Comment,Generated
I've been focusing on building a positive mindset and reminding myself that I am worthy and deserving of self-care.,mixtral,0,Comment,Generated
I've been working on developing a healthy relationship with my body that's based on respect and appreciation.,mixtral,0,Comment,Generated
I've been trying to avoid negative self-talk and instead focus on the positive aspects of my body and its capabilities.,mixtral,0,Comment,Generated
I've been focusing on building a sustainable routine that's flexible and adaptable to my changing needs.,mixtral,0,Comment,Generated
I've been working on developing a healthy relationship with food that's not based on guilt or shame.,mixtral,0,Comment,Generated
I've been trying to avoid the all-or-nothing mindset and instead find a balance that works for my lifestyle.,mixtral,0,Comment,Generated
I've been focusing on building a positive community of support and encouragement that's inclusive and diverse.,mixtral,0,Comment,Generated
I've been working on developing a healthy relationship with my body that's based on love and acceptance.,mixtral,0,Comment,Generated
I've been trying to avoid the comparison trap and instead focus on my own unique journey and progress.,mixtral,0,Comment,Generated
I've been maintaining my weight lately.,mixtral,0,Comment,Generated
Just had my regular check-up and my weight is stable.,mixtral,0,Comment,Generated
My weight has been the same for a while now.,mixtral,0,Comment,Generated
I've been trying to keep a steady weight recently.,mixtral,0,Comment,Generated
I've been keeping track of my weight lately.,mixtral,0,Comment,Generated
My weight has been consistent for the past few weeks.,mixtral,0,Comment,Generated
I've been watching what I eat to keep my weight steady.,mixtral,0,Comment,Generated
I've been trying to keep my weight stable.,mixtral,0,Comment,Generated
I've been keeping my weight in check.,mixtral,0,Comment,Generated
My weight has been holding steady.,mixtral,0,Comment,Generated
I've been keeping my body weight under control.,mixtral,0,Comment,Generated
I've been trying to maintain my current weight.,mixtral,0,Comment,Generated
I've been managing my weight well.,mixtral,0,Comment,Generated
I've been keeping my weight at a healthy level.,mixtral,0,Comment,Generated
My weight has been on an even keel.,mixtral,0,Comment,Generated
I've been monitoring my weight regularly.,mixtral,0,Comment,Generated
I've been keeping my weight stable and healthy.,mixtral,0,Comment,Generated
My weight has been staying the same.,mixtral,0,Comment,Generated
I've been making sure my weight stays consistent.,mixtral,0,Comment,Generated
I've been paying attention to my weight.,mixtral,0,Comment,Generated
My weight has been balanced.,mixtral,0,Comment,Generated
I've been keeping my weight in balance.,mixtral,0,Comment,Generated
I've been trying to keep my weight where it is.,mixtral,0,Comment,Generated
My weight has been level.,mixtral,0,Comment,Generated
I've been making sure my weight doesn't fluctuate.,mixtral,0,Comment,Generated
I've been keeping my weight from changing.,mixtral,0,Comment,Generated
My weight has been stable and steady.,mixtral,0,Comment,Generated
I've been keeping a constant weight.,mixtral,0,Comment,Generated
I've been maintaining my body weight.,mixtral,0,Comment,Generated
I've been keeping my weight steady and constant.,mixtral,0,Comment,Generated
My weight has been holding steady at a healthy level.,mixtral,0,Comment,Generated
I've been keeping my weight under control.,mixtral,0,Comment,Generated
I've been making sure my weight doesn't go up or down.,mixtral,0,Comment,Generated
My weight has been consistent and stable.,mixtral,0,Comment,Generated
I've been trying to keep my weight the same.,mixtral,0,Comment,Generated
I've been making sure my weight is balanced and steady.,mixtral,0,Comment,Generated
My weight has been even.,mixtral,0,Comment,Generated
I've been keeping my weight stable and even.,mixtral,0,Comment,Generated
I've been maintaining my current weight without fluctuations.,mixtral,0,Comment,Generated
My weight has been consistent and unchanging.,mixtral,0,Comment,Generated
I've been keeping my weight under control and steady.,mixtral,0,Comment,Generated
I've been making sure my weight stays the same.,mixtral,0,Comment,Generated
My weight has been stable and consistent with a healthy level.,mixtral,0,Comment,Generated
I've been maintaining my weight without any changes.,mixtral,0,Comment,Generated
My weight has been steady and controlled.,mixtral,0,Comment,Generated
I've been keeping my weight stable and balanced.,mixtral,0,Comment,Generated
My weight has been consistent and managed.,mixtral,0,Comment,Generated
I've been maintaining my weight without fluctuations or changes.,mixtral,0,Comment,Generated
My weight has been steady and stable over time.,mixtral,0,Comment,Generated
I've been keeping my weight at a healthy and consistent level.,mixtral,0,Comment,Generated
Making a sandwich for lunch today,mixtral,0,Comment,Generated
Had eggs for breakfast,mixtral,0,Comment,Generated
Trying out a new recipe for dinner,mixtral,0,Comment,Generated
Just finished my afternoon snack,mixtral,0,Comment,Generated
Grabbing a cup of coffee,mixtral,0,Comment,Generated
Ate a banana for a quick energy boost,mixtral,0,Comment,Generated
Making pasta for dinner,mixtral,0,Comment,Generated
Packed a salad for lunch,mixtral,0,Comment,Generated
Ordered a pizza for movie night,mixtral,0,Comment,Generated
Drinking some water to stay hydrated,mixtral,0,Comment,Generated
Baking a cake for a friend's birthday,mixtral,0,Comment,Generated
Having a bowl of cereal before bed,mixtral,0,Comment,Generated
Cooking some vegetables for a stir-fry,mixtral,0,Comment,Generated
Grabbing a quick bagel for breakfast,mixtral,0,Comment,Generated
Preparing a picnic with some sandwiches and fruits,mixtral,0,Comment,Generated
Making a cup of hot chocolate for a cozy evening,mixtral,0,Comment,Generated
Eating a granola bar for a mid-morning snack,mixtral,0,Comment,Generated
Cooking some chicken for dinner,mixtral,0,Comment,Generated
Sipping on green tea to relax,mixtral,0,Comment,Generated
Preparing a fruit salad for a BBQ,mixtral,0,Comment,Generated
Making a smoothie for a healthy breakfast,mixtral,0,Comment,Generated
Ordering a burger and fries for lunch,mixtral,0,Comment,Generated
Grabbing a yogurt for a probiotic boost,mixtral,0,Comment,Generated
Making popcorn for a movie night at home,mixtral,0,Comment,Generated
Eating a handful of almonds for a snack,mixtral,0,Comment,Generated
Cooking a stew for a cold winter night,mixtral,0,Comment,Generated
Brewing a pot of chamomile tea before bed,mixtral,0,Comment,Generated
Preparing a vegan dish for a friend,mixtral,0,Comment,Generated
Making a cup of black coffee to stay focused,mixtral,0,Comment,Generated
Ordering a salad for a light lunch,mixtral,0,Comment,Generated
Grabbing a piece of fruit for a quick snack,mixtral,0,Comment,Generated
Making a quiche for a brunch with friends,mixtral,0,Comment,Generated
Eating a bowl of soup for a light dinner,mixtral,0,Comment,Generated
Cooking some fish for dinner,mixtral,0,Comment,Generated
Sipping on peppermint tea to aid digestion,mixtral,0,Comment,Generated
Preparing a curry for a spicy meal,mixtral,0,Comment,Generated
Making a cup of oolong tea for a relaxing afternoon,mixtral,0,Comment,Generated
Ordering a sandwich for a quick lunch,mixtral,0,Comment,Generated
Grabbing a piece of dark chocolate for a treat,mixtral,0,Comment,Generated
Making a pot of chai latte for a cozy morning,mixtral,0,Comment,Generated
Eating a bowl of oatmeal for a warm breakfast,mixtral,0,Comment,Generated
Cooking some lentils for a protein-rich dinner,mixtral,0,Comment,Generated
Sipping on a cup of ginger tea to soothe the stomach,mixtral,0,Comment,Generated
Preparing a pasta dish for a family dinner,mixtral,0,Comment,Generated
Making a cup of matcha tea for a boost of energy,mixtral,0,Comment,Generated
Ordering a bowl of pho for a comforting lunch,mixtral,0,Comment,Generated
Grabbing a bag of trail mix for a hike,mixtral,0,Comment,Generated
Making a fruit tart for a dessert party,mixtral,0,Comment,Generated
Eating a slice of whole wheat bread for a balanced diet,mixtral,0,Comment,Generated
Cooking a risotto for a fancy dinner,mixtral,0,Comment,Generated
I had a regular-sized lunch today,mixtral,0,Comment,Generated
Ate a balanced dinner,mixtral,0,Comment,Generated
Grabbed a quick snack between meals,mixtral,0,Comment,Generated
Had a light breakfast,mixtral,0,Comment,Generated
Finished my plate for lunch,mixtral,0,Comment,Generated
Just had a decent meal,mixtral,0,Comment,Generated
Ate an average amount today,mixtral,0,Comment,Generated
Had a standard serving for dinner,mixtral,0,Comment,Generated
Finished my afternoon snack,mixtral,0,Comment,Generated
Ate an ordinary meal today,mixtral,0,Comment,Generated
Had my usual portion size for lunch,mixtral,0,Comment,Generated
Ate a regular amount of food today,mixtral,0,Comment,Generated
Had a normal breakfast this morning,mixtral,0,Comment,Generated
Finished what I cooked for dinner,mixtral,0,Comment,Generated
Just had a standard meal,mixtral,0,Comment,Generated
Ate a regular meal today,mixtral,0,Comment,Generated
Had a normal-sized lunch,mixtral,0,Comment,Generated
Finished the leftovers from last night,mixtral,0,Comment,Generated
Ate a regular dinner,mixtral,0,Comment,Generated
Just had a standard breakfast,mixtral,0,Comment,Generated
Ate the usual amount for me,mixtral,0,Comment,Generated
Had a decent amount of food today,mixtral,0,Comment,Generated
Ate a moderate meal,mixtral,0,Comment,Generated
Had an acceptable portion size,mixtral,0,Comment,Generated
Ate a meal similar to what I usually have,mixtral,0,Comment,Generated
Had a regular amount of protein today,mixtral,0,Comment,Generated
Ate the right amount of food for me,mixtral,0,Comment,Generated
Had a meal with a balanced mix of nutrients,mixtral,0,Comment,Generated
Ate a filling meal,mixtral,0,Comment,Generated
Had enough to eat today,mixtral,0,Comment,Generated
Ate the right amount of food for my body,mixtral,0,Comment,Generated
Had a sufficient amount of food,mixtral,0,Comment,Generated
Ate a meal that kept me full,mixtral,0,Comment,Generated
Had a meal that sustained me,mixtral,0,Comment,Generated
Ate an appropriate amount of food,mixtral,0,Comment,Generated
Had a normal amount of carbs today,mixtral,0,Comment,Generated
Ate a typical meal,mixtral,0,Comment,Generated
Had a regular amount of fiber,mixtral,0,Comment,Generated
Ate the right amount of fats,mixtral,0,Comment,Generated
Had a standard amount of calories,mixtral,0,Comment,Generated
Ate a balanced meal,mixtral,0,Comment,Generated
Had a portion size that was just right,mixtral,0,Comment,Generated
"Ate a regular meal, nothing special",mixtral,0,Comment,Generated
Had a normal amount of vitamins,mixtral,0,Comment,Generated
"Ate a regular meal, nothing out of the ordinary",mixtral,0,Comment,Generated
Had a filling but not overly large meal,mixtral,0,Comment,Generated
Ate a meal with a good balance of nutrients,mixtral,0,Comment,Generated
Had a meal that was satisfying but not excessive,mixtral,0,Comment,Generated
Ate the right amount of food for my activity level,mixtral,0,Comment,Generated
Had a meal that left me feeling content,mixtral,0,Comment,Generated
"Did my daily workout this morning, feels great",mixtral,0,Comment,Generated
"Just finished a 5k run, not bad for a Monday",mixtral,0,Comment,Generated
"Spent the afternoon hiking, such beautiful scenery",mixtral,0,Comment,Generated
"Got to the gym after work, lifting some weights",mixtral,0,Comment,Generated
"Tried a new yoga class today, it was challenging",mixtral,0,Comment,Generated
Did some stretching exercises before bed,mixtral,0,Comment,Generated
"Went for a bike ride in the park, so peaceful",mixtral,0,Comment,Generated
"Had a great swim this morning, refreshing",mixtral,0,Comment,Generated
"Took a walk during lunch break, needed a break from work",mixtral,0,Comment,Generated
"Played a game of basketball with friends, had fun",mixtral,0,Comment,Generated
"Started a new exercise routine today, feeling motivated",mixtral,0,Comment,Generated
"Did some high-intensity interval training, exhausting but effective",mixtral,0,Comment,Generated
"Went for a run with my dog, he loved it",mixtral,0,Comment,Generated
"Did some bodyweight exercises at home, easy and convenient",mixtral,0,Comment,Generated
"Tried a new dance class, it was a great workout",mixtral,0,Comment,Generated
"Went rock climbing with friends, it was a challenge",mixtral,0,Comment,Generated
"Did some strength training, building muscle",mixtral,0,Comment,Generated
"Went for a hike in the mountains, the views were stunning",mixtral,0,Comment,Generated
"Did some pilates this morning, focusing on my core",mixtral,0,Comment,Generated
"Went for a swim in the ocean, so invigorating",mixtral,0,Comment,Generated
"Did some stair climbing, good cardio",mixtral,0,Comment,Generated
"Went for a walk in the rain, refreshing",mixtral,0,Comment,Generated
"Tried a new fitness app today, it was helpful",mixtral,0,Comment,Generated
"Did some jump rope exercises, good for cardio",mixtral,0,Comment,Generated
"Went for a bike ride on the beach, so beautiful",mixtral,0,Comment,Generated
"Did some kettlebell exercises, challenging",mixtral,0,Comment,Generated
"Went for a walk in the woods, so serene",mixtral,0,Comment,Generated
"Tried a new HIIT workout, it was intense",mixtral,0,Comment,Generated
"Did some resistance band exercises, easy to use",mixtral,0,Comment,Generated
"Went for a run in the park, great scenery",mixtral,0,Comment,Generated
"Did some box jumps, good for explosive power",mixtral,0,Comment,Generated
"Went for a hike in the hills, great views",mixtral,0,Comment,Generated
"Did some Bulgarian bag exercises, fun and effective",mixtral,0,Comment,Generated
"Went for a walk on the trail, good for nature lovers",mixtral,0,Comment,Generated
"Tried a new TRX workout, it was a challenge",mixtral,0,Comment,Generated
"Did some battle rope exercises, good for full-body workout",mixtral,0,Comment,Generated
"Went for a bike ride in the mountains, so scenic",mixtral,0,Comment,Generated
"Did some sled pushing, great for strength and conditioning",mixtral,0,Comment,Generated
"Went for a walk in the city, great for urban exploration",mixtral,0,Comment,Generated
"Tried a new CrossFit workout, it was intense",mixtral,0,Comment,Generated
"Did some ropes climbing, good for upper body strength",mixtral,0,Comment,Generated
"Went for a swim in a lake, so peaceful",mixtral,0,Comment,Generated
"Did some farmers walks, good for grip and core strength",mixtral,0,Comment,Generated
"Went for a walk in the desert, so unique",mixtral,0,Comment,Generated
"Tried a new kettlebell workout, it was challenging",mixtral,0,Comment,Generated
"Did some tire flipping, good for power and explosiveness",mixtral,0,Comment,Generated
"Went for a bike ride in the countryside, so beautiful",mixtral,0,Comment,Generated
"Did some prowler pushing, good for lower body strength",mixtral,0,Comment,Generated
"Went for a walk in the snow, so serene",mixtral,0,Comment,Generated
"Tried a new yoga flow, it was relaxing",mixtral,0,Comment,Generated
"""I see you had quite a workout today.""",mixtral,0,Comment,Generated
"""Wow, you really pushed yourself with that exercise.""",mixtral,0,Comment,Generated
"""Looks like you got a good sweat in.""",mixtral,0,Comment,Generated
"""That's a lot of exercise for one day.""",mixtral,0,Comment,Generated
"""You must feel energized after that workout.""",mixtral,0,Comment,Generated
"""You're really dedicated to your fitness routine.""",mixtral,0,Comment,Generated
"""I can't keep up with your exercise regimen.""",mixtral,0,Comment,Generated
"""You're definitely putting in the work.""",mixtral,0,Comment,Generated
"""That's a lot of calories burned.""",mixtral,0,Comment,Generated
"""You're really committed to staying active.""",mixtral,0,Comment,Generated
"""You're making me tired just looking at your workout.""",mixtral,0,Comment,Generated
"""You're really putting in the miles.""",mixtral,0,Comment,Generated
"""That's a lot of reps.""",mixtral,0,Comment,Generated
"""You're definitely working up a sweat.""",mixtral,0,Comment,Generated
"""That's a lot of time spent exercising.""",mixtral,0,Comment,Generated
"""You must be feeling pretty accomplished.""",mixtral,0,Comment,Generated
"""Looks like you had a productive workout.""",mixtral,0,Comment,Generated
"""I don't think I could handle that much exercise.""",mixtral,0,Comment,Generated
"""You're definitely getting stronger.""",mixtral,0,Comment,Generated
"""You're really putting in the effort.""",mixtral,0,Comment,Generated
"""That's a lot of dedication to your fitness.""",mixtral,0,Comment,Generated
"""You're really pushing yourself.""",mixtral,0,Comment,Generated
"""Looks like you're making progress.""",mixtral,0,Comment,Generated
"""You're really putting in the work today.""",mixtral,0,Comment,Generated
"""That's a significant amount of exercise.""",mixtral,0,Comment,Generated
"""You're definitely earning some serious fitness points.""",mixtral,0,Comment,Generated
"""Looks like a great workout.""",mixtral,0,Comment,Generated
"""You're really committing to your fitness goals.""",mixtral,0,Comment,Generated
"""That's a serious amount of exercise.""",mixtral,0,Comment,Generated
"""Looks like you had a busy day with exercise.""",mixtral,0,Comment,Generated
"""You're really putting in the work.""",mixtral,0,Comment,Generated
"""That's a lot of activity for one day.""",mixtral,0,Comment,Generated
"""You're really dedicated to your fitness routine.""",mixtral,0,Comment,Generated
"""Looks like you had a productive day of exercise.""",mixtral,0,Comment,Generated
"""You're really committed to your fitness journey.""",mixtral,0,Comment,Generated
"""That's a lot of movement for one day.""",mixtral,0,Comment,Generated
"""You're really pushing yourself to your limits.""",mixtral,0,Comment,Generated
"""Looks like a really intense workout.""",mixtral,0,Comment,Generated
"""You're really dedicated to your health and fitness.""",mixtral,0,Comment,Generated
"""That's a significant amount of exercise time.""",mixtral,0,Comment,Generated
"""You're really putting in the effort to stay active.""",mixtral,0,Comment,Generated
"""Looks like a great accomplishment for your fitness goals.""",mixtral,0,Comment,Generated
"""You're really committed to your exercise routine.""",mixtral,0,Comment,Generated
"""That's a serious amount of exercise time.""",mixtral,0,Comment,Generated
"""You're really pushing yourself to be the best you can be.""",mixtral,0,Comment,Generated
"""Looks like a successful workout.""",mixtral,0,Comment,Generated
"""You're really dedicated to your fitness and wellness.""",mixtral,0,Comment,Generated
"""That's a lot of work you put into your exercise.""",mixtral,0,Comment,Generated
"""You're really showing dedication by putting in the time.""",mixtral,0,Comment,Generated
"""Looks like a productive and active day.""",mixtral,0,Comment,Generated
"Wow, I did 10,000 steps today.",mixtral,0,Comment,Generated
Did a 30-minute HIIT workout today.,mixtral,0,Comment,Generated
Managed to squeeze in a quick run before work.,mixtral,0,Comment,Generated
Just did a quick 15-minute yoga session.,mixtral,0,Comment,Generated
Had a decent cycling session today.,mixtral,0,Comment,Generated
Went for a long walk with the dog.,mixtral,0,Comment,Generated
Took the stairs instead of the elevator today.,mixtral,0,Comment,Generated
Danced around the house for an hour.,mixtral,0,Comment,Generated
Had a great swim this morning.,mixtral,0,Comment,Generated
Just did a quick bodyweight workout.,mixtral,0,Comment,Generated
Spent the afternoon gardening.,mixtral,0,Comment,Generated
Did some stretching and foam rolling.,mixtral,0,Comment,Generated
Had a good gym session today.,mixtral,0,Comment,Generated
Went on a hike this weekend.,mixtral,0,Comment,Generated
Did a quick 30-minute Pilates session.,mixtral,0,Comment,Generated
Had a good lifting session today.,mixtral,0,Comment,Generated
Went for a quick jog around the block.,mixtral,0,Comment,Generated
Spent some time on the elliptical.,mixtral,0,Comment,Generated
Had a good dance class today.,mixtral,0,Comment,Generated
Went for a bike ride around the neighborhood.,mixtral,0,Comment,Generated
Had a decent soccer game today.,mixtral,0,Comment,Generated
Did a quick 30-minute barre workout.,mixtral,0,Comment,Generated
Had a good hiking session today.,mixtral,0,Comment,Generated
Did a quick 15-minute meditation.,mixtral,0,Comment,Generated
Went for a leisurely walk with friends.,mixtral,0,Comment,Generated
Had a nice swim in the pool.,mixtral,0,Comment,Generated
Went for a quick spin class.,mixtral,0,Comment,Generated
Had a good boxing session today.,mixtral,0,Comment,Generated
Went for a brisk walk this morning.,mixtral,0,Comment,Generated
Had a decent tennis match today.,mixtral,0,Comment,Generated
Did a quick 30-minute HIIT workout.,mixtral,0,Comment,Generated
Had a good rowing session today.,mixtral,0,Comment,Generated
Went for a quick kayaking session.,mixtral,0,Comment,Generated
Had a nice yoga session today.,mixtral,0,Comment,Generated
Went for a quick hula hooping session.,mixtral,0,Comment,Generated
Did a quick 30-minute Zumba session.,mixtral,0,Comment,Generated
Had a good rollerblading session today.,mixtral,0,Comment,Generated
Went for a quick ice skating session.,mixtral,0,Comment,Generated
Did a quick 30-minute kickboxing session.,mixtral,0,Comment,Generated
Had a good trampolining session today.,mixtral,0,Comment,Generated
Went for a quick jump rope session.,mixtral,0,Comment,Generated
Did a quick 15-minute strength training session.,mixtral,0,Comment,Generated
Had a good archery session today.,mixtral,0,Comment,Generated
Went for a quick rock climbing session.,mixtral,0,Comment,Generated
Did a quick 30-minute fencing session.,mixtral,0,Comment,Generated
Had a good surfing session today.,mixtral,0,Comment,Generated
Went for a quick horseback riding session.,mixtral,0,Comment,Generated
Did a quick 30-minute skiing session.,mixtral,0,Comment,Generated
Had a good snowboarding session today.,mixtral,0,Comment,Generated
Went for a quick skateboarding session.,mixtral,0,Comment,Generated
I've been focusing on nourishing my body with balanced meals.,mixtral,0,Comment,Generated
Trying out new healthy recipes to support my lifestyle changes.,mixtral,0,Comment,Generated
I'm working on being kinder to myself and my body.,mixtral,0,Comment,Generated
"Making progress on my fitness journey, one day at a time.",mixtral,0,Comment,Generated
"I'm learning to appreciate my body for what it can do, rather than what it weighs.",mixtral,0,Comment,Generated
Found a fun new workout routine that I'm loving!,mixtral,0,Comment,Generated
I'm practicing self-care and mindful eating.,mixtral,0,Comment,Generated
"My goal is to feel strong and healthy, not just thin.",mixtral,0,Comment,Generated
"I'm focusing on overall wellness, not just weight loss.",mixtral,0,Comment,Generated
I'm taking small steps to improve my health and happiness.,mixtral,0,Comment,Generated
I'm trying to make sustainable changes that I can maintain long-term.,mixtral,0,Comment,Generated
I'm proud of myself for prioritizing my health.,mixtral,0,Comment,Generated
I'm working on building a positive relationship with food and exercise.,mixtral,0,Comment,Generated
I'm learning to listen to my body's hunger and fullness cues.,mixtral,0,Comment,Generated
I'm making changes that support my physical and mental health.,mixtral,0,Comment,Generated
I'm working on creating a balanced lifestyle that includes both exercise and rest.,mixtral,0,Comment,Generated
I'm trying to reduce stress and increase self-care in my life.,mixtral,0,Comment,Generated
I'm working on finding joy in movement and nourishment.,mixtral,0,Comment,Generated
"I'm focusing on self-improvement, not just weight loss.",mixtral,0,Comment,Generated
I'm trying to appreciate my body for all that it does for me.,mixtral,0,Comment,Generated
I'm learning to love and accept myself at any size.,mixtral,0,Comment,Generated
I'm making changes that feel good for my body and mind.,mixtral,0,Comment,Generated
I'm working on finding a healthy balance that works for me.,mixtral,0,Comment,Generated
I'm prioritizing my health and well-being over the number on the scale.,mixtral,0,Comment,Generated
I'm focusing on self-love and acceptance.,mixtral,0,Comment,Generated
I'm learning to trust my body's wisdom.,mixtral,0,Comment,Generated
"I'm making changes that are rooted in self-care, not self-punishment.",mixtral,0,Comment,Generated
I'm trying to shift my mindset from weight loss to overall health.,mixtral,0,Comment,Generated
I'm working on cultivating a positive and healthy body image.,mixtral,0,Comment,Generated
I'm focusing on being the healthiest and happiest version of myself.,mixtral,0,Comment,Generated
I'm learning to appreciate my body for its unique beauty and strength.,mixtral,0,Comment,Generated
"I'm making choices that support my physical, mental, and emotional health.",mixtral,0,Comment,Generated
I'm trying to embrace a holistic approach to wellness.,mixtral,0,Comment,Generated
"I'm working on finding joy in the journey, not just the destination.",mixtral,0,Comment,Generated
I'm focusing on self-compassion and self-forgiveness.,mixtral,0,Comment,Generated
"I'm learning to appreciate my body for all that it is, rather than what it isn't.",mixtral,0,Comment,Generated
I'm making changes that feel good and sustainable for me.,mixtral,0,Comment,Generated
I'm prioritizing my self-care and self-love above all else.,mixtral,0,Comment,Generated
I'm working on cultivating a positive and healthy relationship with my body.,mixtral,0,Comment,Generated
"I'm focusing on feeling good in my own skin, rather than striving for a certain weight.",mixtral,0,Comment,Generated
I'm learning to appreciate my body for its capabilities and resilience.,mixtral,0,Comment,Generated
"I'm making choices that support my overall well-being, not just my weight.",mixtral,0,Comment,Generated
I'm working on finding a healthy balance that feels good for me.,mixtral,0,Comment,Generated
"I'm focusing on self-improvement and self-discovery, not just weight loss.",mixtral,0,Comment,Generated
I'm learning to appreciate my body for its unique beauty and worth.,mixtral,0,Comment,Generated
I'm making changes that feel good and authentic to me.,mixtral,0,Comment,Generated
"I'm trying to find joy in the journey, not just the outcome.",mixtral,0,Comment,Generated
I'm focusing on being kind and compassionate to myself.,mixtral,0,Comment,Generated
I'm working on cultivating a positive and healthy relationship with food.,mixtral,0,Comment,Generated
I'm learning to appreciate my body for all that it does for me.,mixtral,0,Comment,Generated
"I'm making choices that support my physical, mental, and emotional health, not just my weight.",mixtral,0,Comment,Generated
I'm focusing on feeling good and happy in my own skin.,mixtral,0,Comment,Generated
"I'm prioritizing self-care and self-love, not just weight loss.",mixtral,0,Comment,Generated
I'm working on cultivating a positive mindset and body image.,mixtral,0,Comment,Generated
I'm learning to appreciate my body and all of its amazing qualities.,mixtral,0,Comment,Generated
I'm making choices that feel good and nourishing for my body and mind.,mixtral,0,Comment,Generated
"I'm focusing on self-improvement and self-discovery, not just weight loss.",mixtral,0,Comment,Generated
I'm trying to find joy and pleasure in movement and nourishment.,mixtral,0,Comment,Generated
I'm working on cultivating a positive and healthy relationship with myself and my body.,mixtral,0,Comment,Generated
I'm learning to appreciate and love myself at any size or shape.,mixtral,0,Comment,Generated
I'm making changes that feel good and authentic to who I am and what I need.,mixtral,0,Comment,Generated
"I'm focusing on feeling happy, healthy, and fulfilled in my life.",mixtral,0,Comment,Generated
I'm trying to find joy and gratitude in the present moment.,mixtral,0,Comment,Generated
I'm working on cultivating a positive and healthy relationship with food and exercise.,mixtral,0,Comment,Generated
I'm learning to appreciate my body for all that it is and all that it can do.,mixtral,0,Comment,Generated
"I'm making choices that support my overall well-being, not just my weight.",mixtral,0,Comment,Generated
I'm focusing on feeling good and confident in my own skin.,mixtral,0,Comment,Generated
"I'm prioritizing self-care, self-love, and self-acceptance above all else.",mixtral,0,Comment,Generated
"I'm working on cultivating a positive and healthy relationship with myself, my body, and the world around me.",mixtral,0,Comment,Generated
I'm learning to appreciate and love myself just as I am.,mixtral,0,Comment,Generated
I'm making changes that feel good and authentic to who I am and what I need.,mixtral,0,Comment,Generated
"I'm focusing on feeling happy, healthy, and fulfilled in my life.",mixtral,0,Comment,Generated
I'm trying to find joy and gratitude in the present moment.,mixtral,0,Comment,Generated
I'm working on cultivating a positive and healthy relationship with food and exercise.,mixtral,0,Comment,Generated
I'm learning to appreciate my body for all that it is and all that it can do.,mixtral,0,Comment,Generated
"I'm making choices that support my overall well-being, not just my weight.",mixtral,0,Comment,Generated
I'm focusing on feeling good and confident in my own skin.,mixtral,0,Comment,Generated
"I'm prioritizing self-care, self-love, and self-acceptance above all else.",mixtral,0,Comment,Generated
"I'm working on cultivating a positive and healthy relationship with myself, my body, and the world around me.",mixtral,0,Comment,Generated
I'm learning to appreciate and love myself just as I am.,mixtral,0,Comment,Generated
1. Waking up and deciding to make healthier choices today. #selfcare,mixtral,0,Comment,Generated
2. Trying to find a balance between nourishment and enjoyment. #mindful eating,mixtral,0,Comment,Generated
"3. Focusing on feeling good in my own skin, rather than a number on the scale.",mixtral,0,Comment,Generated
"4. Celebrating my body for all that it does for me, regardless of size.",mixtral,0,Comment,Generated
"5. My goal is to be strong and healthy, not just thin. #fitnessjourney",mixtral,0,Comment,Generated
"6. Enjoying movement and exercise because it feels good, not because I have to.",mixtral,0,Comment,Generated
"7. Nourishing my body with foods that make me feel good, both physically and mentally.",mixtral,0,Comment,Generated
8. Working on loving myself at every stage of my journey. #selflove,mixtral,0,Comment,Generated
"9. Making changes for myself, not for anyone else's approval.",mixtral,0,Comment,Generated
"10. Choosing to focus on progress, not perfection.",mixtral,0,Comment,Generated
11. Taking time to appreciate my body for all that it is capable of.,mixtral,0,Comment,Generated
12. I don't have to be a certain size to be worthy of love and respect.,mixtral,0,Comment,Generated
13. Listening to my body's hunger and fullness cues. #intuitiveeating,mixtral,0,Comment,Generated
14. My worth is not determined by the number on the scale.,mixtral,0,Comment,Generated
15. I am more than just a number. #bodypositivity,mixtral,0,Comment,Generated
"16. I am enough, just as I am.",mixtral,0,Comment,Generated
17. Embracing my unique body shape and size.,mixtral,0,Comment,Generated
18. Surrounding myself with positive influences and role models.,mixtral,0,Comment,Generated
"19. Being kind to myself, especially on days where I may not feel my best.",mixtral,0,Comment,Generated
"20. Choosing to focus on my health, not just my weight.",mixtral,0,Comment,Generated
21. Remembering that slow and steady progress is still progress.,mixtral,0,Comment,Generated
22. Not letting the number on the scale define my happiness or self-worth.,mixtral,0,Comment,Generated
23. Working on building a positive relationship with food and my body.,mixtral,0,Comment,Generated
24. Celebrating small victories and non-scale wins.,mixtral,0,Comment,Generated
25. Trusting the process and taking it one day at a time.,mixtral,0,Comment,Generated
"26. Focusing on feeling good, not just looking good.",mixtral,0,Comment,Generated
27. Remembering that setbacks and slip-ups are a normal part of the journey.,mixtral,0,Comment,Generated
28. Working on building a healthier relationship with myself and my body.,mixtral,0,Comment,Generated
29. Surrounding myself with supportive and understanding people.,mixtral,0,Comment,Generated
30. Embracing my imperfections and learning to love all parts of myself.,mixtral,0,Comment,Generated
31. Remembering that progress is not always linear.,mixtral,0,Comment,Generated
"32. Choosing to focus on the present moment, rather than the past or the future.",mixtral,0,Comment,Generated
"33. Making self-care a priority, both physically and mentally.",mixtral,0,Comment,Generated
"34. Celebrating my body for all that it is, rather than what it is not.",mixtral,0,Comment,Generated
"35. Focusing on the journey, not just the destination.",mixtral,0,Comment,Generated
"36. Remembering that I am worthy of love, respect, and acceptance, just as I am.",mixtral,0,Comment,Generated
37. Choosing to focus on gratitude and appreciation for my body.,mixtral,0,Comment,Generated
38. Working on building a healthier and more positive mindset.,mixtral,0,Comment,Generated
39. Celebrating the small steps I take towards a healthier lifestyle.,mixtral,0,Comment,Generated
40. Embracing the idea that health comes in all shapes and sizes.,mixtral,0,Comment,Generated
41. Remembering that I am more than just a label or a category.,mixtral,0,Comment,Generated
42. Surrounding myself with positive and uplifting messages.,mixtral,0,Comment,Generated
"43. Focusing on the progress I have made, rather than the progress I still have to make.",mixtral,0,Comment,Generated
44. Remembering that it is okay to take breaks and rest when I need to.,mixtral,0,Comment,Generated
45. Choosing to focus on the things that bring me joy and happiness.,mixtral,0,Comment,Generated
46. Celebrating the unique and beautiful body that I have been given.,mixtral,0,Comment,Generated
"47. Embracing the idea that health is a journey, not a destination.",mixtral,0,Comment,Generated
48. Remembering that I am capable of achieving my goals and making positive changes.,mixtral,0,Comment,Generated
49. Surrounding myself with supportive and understanding people who uplift me.,mixtral,0,Comment,Generated
"50. Choosing to focus on the love and appreciation I have for my body, rather than the criticism and negativity.",mixtral,0,Comment,Generated
Today I tried a recipe from my grandmother for the first time.,gpt4-turbo-preview,0,Comment,Generated
Can someone recommend a good Italian restaurant in town?,gpt4-turbo-preview,0,Comment,Generated
I'm looking forward to grilling this weekend.,gpt4-turbo-preview,0,Comment,Generated
Who has tips for vegan snacks?,gpt4-turbo-preview,0,Comment,Generated
Does anyone have an idea of what to cook with leftovers?,gpt4-turbo-preview,0,Comment,Generated
Is there a type of tea that you especially like to drink in winter?,gpt4-turbo-preview,0,Comment,Generated
Today I tried baking bread. It turned out great!,gpt4-turbo-preview,0,Comment,Generated
I'm looking for a good coffeehouse nearby.,gpt4-turbo-preview,0,Comment,Generated
Who is knowledgeable about fermented foods?,gpt4-turbo-preview,0,Comment,Generated
I'm planning a picnic outing. What should I bring?,gpt4-turbo-preview,0,Comment,Generated
Does anyone know a good pizzeria that also delivers home?,gpt4-turbo-preview,0,Comment,Generated
Is there a dish that reminds you of your childhood?,gpt4-turbo-preview,0,Comment,Generated
Which fruits are in season right now?,gpt4-turbo-preview,0,Comment,Generated
Has anyone ever made jam at home?,gpt4-turbo-preview,0,Comment,Generated
Is there a soup that is quick to prepare and warms you up?,gpt4-turbo-preview,0,Comment,Generated
Does anyone have experience with making sushi at home?,gpt4-turbo-preview,0,Comment,Generated
I'm looking for delicious smoothie recipes for breakfast.,gpt4-turbo-preview,0,Comment,Generated
Who knows where to get the best croissants?,gpt4-turbo-preview,0,Comment,Generated
What is your favorite recipe for a cozy movie night?,gpt4-turbo-preview,0,Comment,Generated
Does anyone have a good recipe for homemade pasta?,gpt4-turbo-preview,0,Comment,Generated
Does anyone have a recommendation for a good beginner's cookbook?,gpt4-turbo-preview,0,Comment,Generated
Today I baked a cake that tastes just like my grandma's.,gpt4-turbo-preview,0,Comment,Generated
Does anyone know a tasty recipe for a summery salad?,gpt4-turbo-preview,0,Comment,Generated
Does anyone have a secret tip for the perfect boiled egg?,gpt4-turbo-preview,0,Comment,Generated
What is your favorite vegetable snack for in between meals?,gpt4-turbo-preview,0,Comment,Generated
Today I'm trying a new recipe for vegan ice cream.,gpt4-turbo-preview,0,Comment,Generated
Does anyone know a good place to buy spices?,gpt4-turbo-preview,0,Comment,Generated
I would like to learn more about regional cuisines. Does anyone have book recommendations?,gpt4-turbo-preview,0,Comment,Generated
Does anyone have tips on making vegetables more child-friendly?,gpt4-turbo-preview,0,Comment,Generated
What is your favorite dish to share with friends?,gpt4-turbo-preview,0,Comment,Generated
Does anyone know a good coffee for Cold Brew?,gpt4-turbo-preview,0,Comment,Generated
Today I started my first attempt at fermenting.,gpt4-turbo-preview,0,Comment,Generated
Is there a fruit that you have come to appreciate as an adult?,gpt4-turbo-preview,0,Comment,Generated
Does anyone have an idea for a simple but delicious dessert?,gpt4-turbo-preview,0,Comment,Generated
I'm looking for ideas for healthy office snacks.,gpt4-turbo-preview,0,Comment,Generated
Who has a good recommendation for a winter soup?,gpt4-turbo-preview,0,Comment,Generated
Has anyone ever baked bread without yeast?,gpt4-turbo-preview,0,Comment,Generated
What is your favorite street food and why?,gpt4-turbo-preview,0,Comment,Generated
Does anyone know an exciting recipe for vegetarian burgers?,gpt4-turbo-preview,0,Comment,Generated
I feel like exploring international cuisine. Does anyone have suggestions for a first dish? ,gpt4-turbo-preview,0,Comment,Generated
Just trying out a new lentil soup recipe.,gpt4-turbo-preview,0,Comment,Generated
Does anyone have tips for homemade pizza?,gpt4-turbo-preview,0,Comment,Generated
I'm experimenting with gluten-free baking today.,gpt4-turbo-preview,0,Comment,Generated
Who knows good vegetarian restaurants in the city?,gpt4-turbo-preview,0,Comment,Generated
I just made sushi for the first time in my life.,gpt4-turbo-preview,0,Comment,Generated
Looking for simple but healthy breakfast ideas.,gpt4-turbo-preview,0,Comment,Generated
Does anyone have a recommendation for a good coffee brand?,gpt4-turbo-preview,0,Comment,Generated
Is there an app that suggests recipes based on the ingredients I have?,gpt4-turbo-preview,0,Comment,Generated
Experimenting with different spices in my kitchen.,gpt4-turbo-preview,0,Comment,Generated
Trying my hand at making Kimchi today.,gpt4-turbo-preview,0,Comment,Generated
On the hunt for the perfect smoothie recipe.,gpt4-turbo-preview,0,Comment,Generated
Who knows the best food markets in Berlin?,gpt4-turbo-preview,0,Comment,Generated
Trying out a vegan dessert recipe today.,gpt4-turbo-preview,0,Comment,Generated
Does anyone have a favorite brand of coconut milk?,gpt4-turbo-preview,0,Comment,Generated
I'm trying to incorporate more seasonal vegetables into my diet.,gpt4-turbo-preview,0,Comment,Generated
"Looking for delicious, protein-rich snacks.",gpt4-turbo-preview,0,Comment,Generated
I'm testing different methods of brewing coffee.,gpt4-turbo-preview,0,Comment,Generated
Who has good tips for pickling vegetables?,gpt4-turbo-preview,0,Comment,Generated
Experimenting with matcha in baking recipes.,gpt4-turbo-preview,0,Comment,Generated
Anyone have a tip for the best post-workout meal?,gpt4-turbo-preview,0,Comment,Generated
Trying out a traditional dish from my home country today.,gpt4-turbo-preview,0,Comment,Generated
Looking for simple recipes for a healthy lunch at the office.,gpt4-turbo-preview,0,Comment,Generated
Any recommendations for a good slow cooker?,gpt4-turbo-preview,0,Comment,Generated
On the hunt for the ultimate banana bread recipe.,gpt4-turbo-preview,0,Comment,Generated
Trying out different tapas recipes tonight.,gpt4-turbo-preview,0,Comment,Generated
Who knows where to buy the freshest seafood?,gpt4-turbo-preview,0,Comment,Generated
Looking for a new type of cheese to try.,gpt4-turbo-preview,0,Comment,Generated
Experimenting with homemade iced tea recipes.,gpt4-turbo-preview,0,Comment,Generated
Who knows good snack ideas for movie nights?,gpt4-turbo-preview,0,Comment,Generated
Trying my hand at making vegan burger patties today.,gpt4-turbo-preview,0,Comment,Generated
Searching for creative ideas on how to prepare tofu.,gpt4-turbo-preview,0,Comment,Generated
Does anyone have a good recipe for quick pasta?,gpt4-turbo-preview,0,Comment,Generated
Looking for local organic vegetable vendors.,gpt4-turbo-preview,0,Comment,Generated
Experimenting with different types of flour in baking.,gpt4-turbo-preview,0,Comment,Generated
Any suggestions for delicious and healthy smoothie toppings?,gpt4-turbo-preview,0,Comment,Generated
Trying my hand at making my own spice blends today.,gpt4-turbo-preview,0,Comment,Generated
Seeking tips for making the perfect risotto.,gpt4-turbo-preview,0,Comment,Generated
Does anyone have experience making Cold Brew coffee?,gpt4-turbo-preview,0,Comment,Generated
On the search for the best cookie recipe for Christmas.,gpt4-turbo-preview,0,Comment,Generated
I'm trying to eat more whole foods.,gpt4-turbo-preview,0,Comment,Generated
Who is familiar with fermenting foods?,gpt4-turbo-preview,0,Comment,Generated
Looking for simple but tasty vegan dishes.,gpt4-turbo-preview,0,Comment,Generated
Experimenting with different soup recipes today.,gpt4-turbo-preview,0,Comment,Generated
Any recommendations for good food delivery services?,gpt4-turbo-preview,0,Comment,Generated
Seeking ideas on how to prepare vegetables in exciting ways.,gpt4-turbo-preview,0,Comment,Generated
Exploring new tea varieties.,gpt4-turbo-preview,0,Comment,Generated
Who knows how to make perfect pancakes?,gpt4-turbo-preview,0,Comment,Generated
Looking for healthy alternatives to chips and snacks.,gpt4-turbo-preview,0,Comment,Generated
Experimenting with making my own granola bars.,gpt4-turbo-preview,0,Comment,Generated
Anyone have a secret tip for the best breakfast?,gpt4-turbo-preview,0,Comment,Generated
Searching for great recipes for homemade bread.,gpt4-turbo-preview,0,Comment,Generated
Who knows simple tricks to make meat tender?,gpt4-turbo-preview,0,Comment,Generated
Seeking recipes for low-carb dinners.,gpt4-turbo-preview,0,Comment,Generated
Currently discovering the diversity of Indian cuisine.,gpt4-turbo-preview,0,Comment,Generated
Any recommendations for a good coffee grinder?,gpt4-turbo-preview,0,Comment,Generated
Experimenting with chickpeas as a snack today.,gpt4-turbo-preview,0,Comment,Generated
Looking for light recipes for the summer.,gpt4-turbo-preview,0,Comment,Generated
Who knows how to make the perfect apple pie?,gpt4-turbo-preview,0,Comment,Generated
Testing out different salad dressings.,gpt4-turbo-preview,0,Comment,Generated
Any good sources for organic-certified meat?,gpt4-turbo-preview,0,Comment,Generated
Searching for creative recipes with avocado.,gpt4-turbo-preview,0,Comment,Generated
Experimenting with homemade juices and detox drinks.,gpt4-turbo-preview,0,Comment,Generated
Seeking recipes to make my own pasta.,gpt4-turbo-preview,0,Comment,Generated
Who has the ultimate recipe for chocolate cake?,gpt4-turbo-preview,0,Comment,Generated
Trying out a new type of fermented tea today.,gpt4-turbo-preview,0,Comment,Generated
On the hunt for the best method to grill vegetables.,gpt4-turbo-preview,0,Comment,Generated
Looking for traditional recipes from different cultures.,gpt4-turbo-preview,0,Comment,Generated
Trying out homemade vegan sweets today.,gpt4-turbo-preview,0,Comment,Generated
Any recommendations for a good food podcast?,gpt4-turbo-preview,0,Comment,Generated
Seeking ideas on how to incorporate more legumes into my diet.,gpt4-turbo-preview,0,Comment,Generated
There are so many ways to prepare quinoa.,gpt4-turbo-preview,0,Comment,Generated
Who has a tip for a cool refreshment in the summer?,gpt4-turbo-preview,0,Comment,Generated
Experimenting with different variations of porridge for breakfast.,gpt4-turbo-preview,0,Comment,Generated
Looking for ways to make my food more photogenic.,gpt4-turbo-preview,0,Comment,Generated
Trying out different marinades for grilling today.,gpt4-turbo-preview,0,Comment,Generated
Who knows which herbs pair best with potatoes?,gpt4-turbo-preview,0,Comment,Generated
On the hunt for a good recipe for homemade lemonade.,gpt4-turbo-preview,0,Comment,Generated
Searching for the secret to perfect roasted potatoes.,gpt4-turbo-preview,0,Comment,Generated
Experimenting with vegan cheese alternatives today.,gpt4-turbo-preview,0,Comment,Generated
I just discovered the many ways you can prepare eggplant.,gpt4-turbo-preview,0,Comment,Generated
Seeking simple methods to preserve vegetables.,gpt4-turbo-preview,0,Comment,Generated
Who has experience with Low-Fodmap diets?,gpt4-turbo-preview,0,Comment,Generated
Searching for recipes that kids love.,gpt4-turbo-preview,0,Comment,Generated
Any good sources for recipes with five ingredients?,gpt4-turbo-preview,0,Comment,Generated
I'm trying to modernize old family recipes.,gpt4-turbo-preview,0,Comment,Generated
Experimenting with pumpkin in autumn dishes.,gpt4-turbo-preview,0,Comment,Generated
Who knows how to properly dry homemade pasta?,gpt4-turbo-preview,0,Comment,Generated
On the hunt for inspiring cookbooks.,gpt4-turbo-preview,0,Comment,Generated
Trying a classic goulash recipe with a twist.,gpt4-turbo-preview,0,Comment,Generated
Looking for an uncomplicated recipe for oven-baked fish.,gpt4-turbo-preview,0,Comment,Generated
Experimenting with different methods of cold brewing coffee.,gpt4-turbo-preview,0,Comment,Generated
Who knows healthy breakfast ideas that can be prepared quickly?,gpt4-turbo-preview,0,Comment,Generated
Looking for the best way to ferment vegetables.,gpt4-turbo-preview,0,Comment,Generated
Trying out a new variety of handmade pasta today.,gpt4-turbo-preview,0,Comment,Generated
Who knows which herbs pair best with potatoes?,gpt4-turbo-preview,0,Comment,Generated
On the hunt for creative ideas for vegetarian grill dishes.,gpt4-turbo-preview,0,Comment,Generated
I'm trying to incorporate more international dishes into my cooking routine.,gpt4-turbo-preview,0,Comment,Generated
Seeking the perfect recipe for homemade granola.,gpt4-turbo-preview,0,Comment,Generated
Experimenting with using cocoa in savory dishes.,gpt4-turbo-preview,0,Comment,Generated
Body weight varies from person to person and is just a number.,gpt4-turbo-preview,0,Comment,Generated
My goal is to become stronger through strength training.,gpt4-turbo-preview,0,Comment,Generated
Weight is just one of many factors that influence health.,gpt4-turbo-preview,0,Comment,Generated
Every body is unique and has its own beauty.,gpt4-turbo-preview,0,Comment,Generated
I try to listen to my body and move accordingly.,gpt4-turbo-preview,0,Comment,Generated
It is important that clothing is available in all sizes.,gpt4-turbo-preview,0,Comment,Generated
Health can exist in every size.,gpt4-turbo-preview,0,Comment,Generated
I have learned to respect my body in all its phases.,gpt4-turbo-preview,0,Comment,Generated
Fitness goals are personal and different for everyone.,gpt4-turbo-preview,0,Comment,Generated
The emphasis should be on well-being and not on numbers.,gpt4-turbo-preview,0,Comment,Generated
Everyone has days when they feel differently about their body.,gpt4-turbo-preview,0,Comment,Generated
My focus is on what my body can achieve.,gpt4-turbo-preview,0,Comment,Generated
"I want to focus on my overall fitness, not on the weight.",gpt4-turbo-preview,0,Comment,Generated
Exercise should be a joy and not a chore.,gpt4-turbo-preview,0,Comment,Generated
It's okay if bodies change over time.,gpt4-turbo-preview,0,Comment,Generated
Appreciating my body is an ongoing process.,gpt4-turbo-preview,0,Comment,Generated
I try to focus on positive health habits.,gpt4-turbo-preview,0,Comment,Generated
Everyone has the right to feel comfortable in their body.,gpt4-turbo-preview,0,Comment,Generated
My goal is to feel energetic and healthy.,gpt4-turbo-preview,0,Comment,Generated
Nutrition should be balanced and enjoyable.,gpt4-turbo-preview,0,Comment,Generated
I do not want to judge my body by its weight.,gpt4-turbo-preview,0,Comment,Generated
Well-being encompasses both physical and mental health.,gpt4-turbo-preview,0,Comment,Generated
Exercise helps me stay stress-free.,gpt4-turbo-preview,0,Comment,Generated
Physical activity is a personal choice and should be fun.,gpt4-turbo-preview,0,Comment,Generated
It is important to be patient with oneself.,gpt4-turbo-preview,0,Comment,Generated
I am working on detaching my self-esteem from numbers.,gpt4-turbo-preview,0,Comment,Generated
Every body deserves recognition and respect.,gpt4-turbo-preview,0,Comment,Generated
Self-love is an important part of health.,gpt4-turbo-preview,0,Comment,Generated
My body is the home of my soul; I strive to take good care of it.,gpt4-turbo-preview,0,Comment,Generated
There is no right way to have a body.,gpt4-turbo-preview,0,Comment,Generated
"My strength defines me, not my weight.",gpt4-turbo-preview,0,Comment,Generated
I try to be my best self and not someone else.,gpt4-turbo-preview,0,Comment,Generated
Health goals should be individual and not comparative.,gpt4-turbo-preview,0,Comment,Generated
My body does so much for me every day; it's important to appreciate that.,gpt4-turbo-preview,0,Comment,Generated
Everyone is on their own journey to body acceptance and health.,gpt4-turbo-preview,0,Comment,Generated
Fitness and health are diverse and individual.,gpt4-turbo-preview,0,Comment,Generated
It is vital to see all body types represented in the media.,gpt4-turbo-preview,0,Comment,Generated
I celebrate what my body can do.,gpt4-turbo-preview,0,Comment,Generated
Success and worth are not tied to body weight.,gpt4-turbo-preview,0,Comment,Generated
Emotional well-being is just as important as physical.,gpt4-turbo-preview,0,Comment,Generated
I practice gratitude for my body and everything it enables me to do.,gpt4-turbo-preview,0,Comment,Generated
The relationship with my body is an ongoing learning process.,gpt4-turbo-preview,0,Comment,Generated
There is no universal definition of beauty.,gpt4-turbo-preview,0,Comment,Generated
I set realistic and healthy goals for my body.,gpt4-turbo-preview,0,Comment,Generated
Self-acceptance is the key to a happy life.,gpt4-turbo-preview,0,Comment,Generated
I try to focus more on my well-being than on numbers.,gpt4-turbo-preview,0,Comment,Generated
The diversity of body shapes is what makes people special.,gpt4-turbo-preview,0,Comment,Generated
"My body is my strength, and I am thankful for it.",gpt4-turbo-preview,0,Comment,Generated
I strive to cultivate healthy habits that are good for me.,gpt4-turbo-preview,0,Comment,Generated
It is important to build a loving and caring relationship with your body.,gpt4-turbo-preview,0,Comment,Generated
My body weight is just one of many metrics I sometimes pay attention to.,gpt4-turbo-preview,0,Comment,Generated
I notice how my weight changes with my training schedule.,gpt4-turbo-preview,0,Comment,Generated
Interesting how my body weight fluctuates over the course of a year.,gpt4-turbo-preview,0,Comment,Generated
Ive noticed that my weight stays pretty constant when I run regularly.,gpt4-turbo-preview,0,Comment,Generated
My weight alone doesn't say much about my fitness.,gpt4-turbo-preview,0,Comment,Generated
It's fascinating how my body reacts to different activities.,gpt4-turbo-preview,0,Comment,Generated
I try to pay less attention to the number on the scale and more to how I feel.,gpt4-turbo-preview,0,Comment,Generated
Noticed that changes in diet affect my body differently.,gpt4-turbo-preview,0,Comment,Generated
I don't measure my progress in body weight alone.,gpt4-turbo-preview,0,Comment,Generated
"Sometimes I think about my weight, but it doesn't define who I am.",gpt4-turbo-preview,0,Comment,Generated
"My body weight is one piece of information, but not my only motivation for health.",gpt4-turbo-preview,0,Comment,Generated
"Interesting to see how my weight varies, but its not my main focus.",gpt4-turbo-preview,0,Comment,Generated
There are days when I dont care about my weight.,gpt4-turbo-preview,0,Comment,Generated
Ive learned to view my weight as part of a larger health picture.,gpt4-turbo-preview,0,Comment,Generated
"My goal is to feel strong and energetic, regardless of my weight.",gpt4-turbo-preview,0,Comment,Generated
Sometimes I find it hard not to obsess over my weight.,gpt4-turbo-preview,0,Comment,Generated
"My body weight changes, but I'm working on accepting my body as it is.",gpt4-turbo-preview,0,Comment,Generated
"Weight is an interesting metric, but not the only one I pay attention to.",gpt4-turbo-preview,0,Comment,Generated
Ive stopped checking my weight daily and feel better for it.,gpt4-turbo-preview,0,Comment,Generated
Sometimes I wonder why we attach so much importance to weight.,gpt4-turbo-preview,0,Comment,Generated
Ive noticed that my body weight isn't the most important thing when it comes to my health.,gpt4-turbo-preview,0,Comment,Generated
There are so many different aspects of health besides weight.,gpt4-turbo-preview,0,Comment,Generated
My personal well-being is more important to me than a number on the scale.,gpt4-turbo-preview,0,Comment,Generated
I try to find a balance and not be too fixated on weight.,gpt4-turbo-preview,0,Comment,Generated
I have learned to be kinder to myself regarding my body weight.,gpt4-turbo-preview,0,Comment,Generated
Body weight is just one part of my overall health journey.,gpt4-turbo-preview,0,Comment,Generated
My relationship with my body weight changes over time.,gpt4-turbo-preview,0,Comment,Generated
I am more than just my weight or my size.,gpt4-turbo-preview,0,Comment,Generated
I strive to see weight as one of many forms of feedback from my body.,gpt4-turbo-preview,0,Comment,Generated
"I find it important to think about health holistically, not just about weight.",gpt4-turbo-preview,0,Comment,Generated
My body weight says nothing about my value as a person.,gpt4-turbo-preview,0,Comment,Generated
I am working on valuing myself independently of my weight.,gpt4-turbo-preview,0,Comment,Generated
"Sometimes my weight is a topic of conversation, but it doesn't define me.",gpt4-turbo-preview,0,Comment,Generated
Its a process to move from weight goals to health goals.,gpt4-turbo-preview,0,Comment,Generated
"Fluctuations in weight are normal, and I'm learning to deal with them.",gpt4-turbo-preview,0,Comment,Generated
I try to be mindful and not overvalue my weight.,gpt4-turbo-preview,0,Comment,Generated
My body is more than a number; it's about health and well-being.,gpt4-turbo-preview,0,Comment,Generated
I'm trying to relax my relationship with the scale.,gpt4-turbo-preview,0,Comment,Generated
I'm interested in how my weight affects my performance.,gpt4-turbo-preview,0,Comment,Generated
I strive to prioritize my health over my weight.,gpt4-turbo-preview,0,Comment,Generated
I have found that my self-image should not depend on my weight.,gpt4-turbo-preview,0,Comment,Generated
My weight is just one facet of my health journey.,gpt4-turbo-preview,0,Comment,Generated
I find the balance between worrying about my weight and accepting my body.,gpt4-turbo-preview,0,Comment,Generated
I recognize that my body weight can naturally change and that's okay.,gpt4-turbo-preview,0,Comment,Generated
A number doesn't define how fit or healthy I am.,gpt4-turbo-preview,0,Comment,Generated
Im working on improving my relationship with my body weight.,gpt4-turbo-preview,0,Comment,Generated
"My focus is on how I feel, not how much I weigh.",gpt4-turbo-preview,0,Comment,Generated
I have learned to take a more relaxed view of the topic of weight.,gpt4-turbo-preview,0,Comment,Generated
"Instead of focusing on weight, I look at my overall health.",gpt4-turbo-preview,0,Comment,Generated
Its a continual process to shift focus from the number to well-being.,gpt4-turbo-preview,0,Comment,Generated
My current weight is 70 kg; I am working on building muscle mass.,gpt4-turbo-preview,0,Comment,Generated
I weigh 65 kg and am interested in yoga to improve my flexibility.,gpt4-turbo-preview,0,Comment,Generated
"At a weight of 75 kg, I am trying to gain more stamina through running.",gpt4-turbo-preview,0,Comment,Generated
"With a weight of 80 kg, I am focusing on a healthy diet.",gpt4-turbo-preview,0,Comment,Generated
I weigh 55 kg and want to improve my strength through weight training.,gpt4-turbo-preview,0,Comment,Generated
I am currently at 68 kg and looking for a balanced workout plan.,gpt4-turbo-preview,0,Comment,Generated
I weigh 90 kg and want to lead a more balanced life.,gpt4-turbo-preview,0,Comment,Generated
"At a weight of 60 kg, I am working on my overall fitness.",gpt4-turbo-preview,0,Comment,Generated
My weight is 72 kg; I am interested in healthy cooking.,gpt4-turbo-preview,0,Comment,Generated
I weigh 77 kg and am exploring various forms of exercise that bring me joy.,gpt4-turbo-preview,0,Comment,Generated
"With a weight of 85 kg, I am trying to increase my flexibility.",gpt4-turbo-preview,0,Comment,Generated
I weigh 78 kg and am experimenting with Pilates.,gpt4-turbo-preview,0,Comment,Generated
"At a weight of 63 kg, I am exploring swimming as a regular activity.",gpt4-turbo-preview,0,Comment,Generated
"My weight is 82 kg, and I am working on being more active.",gpt4-turbo-preview,0,Comment,Generated
I weigh 58 kg and am looking for ways to incorporate more plant-based foods.,gpt4-turbo-preview,0,Comment,Generated
I currently weigh 69 kg and am trying to increase my water intake.,gpt4-turbo-preview,0,Comment,Generated
I am at a weight of 64 kg and want to improve my sleep.,gpt4-turbo-preview,0,Comment,Generated
"At 59 kg, I am exploring how I can reduce stress through exercise.",gpt4-turbo-preview,0,Comment,Generated
My weight is 73 kg; I am learning to eat more mindfully.,gpt4-turbo-preview,0,Comment,Generated
I weigh 61 kg and am curious about meditation to improve my well-being.,gpt4-turbo-preview,0,Comment,Generated
My current weight is 56 kg; I am exploring how daily walks can benefit me.,gpt4-turbo-preview,0,Comment,Generated
"At a weight of 94 kg, I am interested in ways to be more active in everyday life.",gpt4-turbo-preview,0,Comment,Generated
I weigh 67 kg and am looking for a balance between activity and rest.,gpt4-turbo-preview,0,Comment,Generated
"With a weight of 84 kg, I want to develop a routine for morning stretches.",gpt4-turbo-preview,0,Comment,Generated
I weigh 76 kg and am interested in learning more about healthy fats.,gpt4-turbo-preview,0,Comment,Generated
I currently weigh 79 kg and plan to try trekking.,gpt4-turbo-preview,0,Comment,Generated
"At a weight of 57 kg, I am exploring the benefits of good hydration.",gpt4-turbo-preview,0,Comment,Generated
"My weight is 66 kg, and I am considering integrating cycling into my daily routine.",gpt4-turbo-preview,0,Comment,Generated
I weigh 87 kg and want to learn simple exercises for home.,gpt4-turbo-preview,0,Comment,Generated
"With a weight of 89 kg, I am interested in the effects of sleep on fitness.",gpt4-turbo-preview,0,Comment,Generated
I weigh 92 kg and want to deepen my knowledge about fiber.,gpt4-turbo-preview,0,Comment,Generated
I currently am at 71 kg and am exploring how natural light affects my day.,gpt4-turbo-preview,0,Comment,Generated
"At a weight of 88 kg, I am interested in mindfulness practices.",gpt4-turbo-preview,0,Comment,Generated
I weigh 59 kg and want to learn more about the role of micronutrients.,gpt4-turbo-preview,0,Comment,Generated
My weight is 70 kg; I am exploring various healthy snack options.,gpt4-turbo-preview,0,Comment,Generated
I weigh 65 kg and am thinking about how posture affects well-being.,gpt4-turbo-preview,0,Comment,Generated
"With a weight of 75 kg, I am learning about preventing overtraining.",gpt4-turbo-preview,0,Comment,Generated
I weigh 80 kg and want to deepen my understanding of stress management.,gpt4-turbo-preview,0,Comment,Generated
"At a weight of 55 kg, I am reading about the benefits of long-distance running.",gpt4-turbo-preview,0,Comment,Generated
"My weight is 68 kg, and I am interested in natural anti-inflammatories.",gpt4-turbo-preview,0,Comment,Generated
I weigh 90 kg and want to do more strength training.,gpt4-turbo-preview,0,Comment,Generated
"With a weight of 60 kg, I am looking for ways to boost creativity.",gpt4-turbo-preview,0,Comment,Generated
I weigh 72 kg and want to become stronger without losing muscle mass.,gpt4-turbo-preview,0,Comment,Generated
"At 77 kg, I am learning to practice more self-care.",gpt4-turbo-preview,0,Comment,Generated
"My weight is 85 kg, and I am exploring how to incorporate more vegetables into my diet.",gpt4-turbo-preview,0,Comment,Generated
I weigh 78 kg and am interested in healthy foods that provide energy.,gpt4-turbo-preview,0,Comment,Generated
"With a weight of 63 kg, I want to learn more about how nutrition affects mood.",gpt4-turbo-preview,0,Comment,Generated
I weigh 82 kg and am trying to get a little more exercise each day.,gpt4-turbo-preview,0,Comment,Generated
I currently weigh 58 kg and am interested in how small habits can make big changes.,gpt4-turbo-preview,0,Comment,Generated
"At a weight of 69 kg, I want to learn how I can naturally boost my energy levels.",gpt4-turbo-preview,0,Comment,Generated
I am at 64 kg and am interested in the effects of sugar on the body.,gpt4-turbo-preview,0,Comment,Generated
"My weight is 59 kg, and I am experimenting with different types of protein.",gpt4-turbo-preview,0,Comment,Generated
I weigh 73 kg and want to improve my mental clarity through diet.,gpt4-turbo-preview,0,Comment,Generated
"With a weight of 61 kg, I am exploring how to optimize my mobility.",gpt4-turbo-preview,0,Comment,Generated
I weigh 56 kg and am thinking about how I can bring more balance into my life.,gpt4-turbo-preview,0,Comment,Generated
"At 94 kg, I am considering how to find more enjoyment in exercise.",gpt4-turbo-preview,0,Comment,Generated
My weight is 67 kg; I want to find out how to sleep better.,gpt4-turbo-preview,0,Comment,Generated
I weigh 84 kg and am interested in sustainable foods.,gpt4-turbo-preview,0,Comment,Generated
I currently weigh 76 kg and want to try different types of relaxation techniques.,gpt4-turbo-preview,0,Comment,Generated
"At a weight of 79 kg, I am reading about the connection between gut health and well-being.",gpt4-turbo-preview,0,Comment,Generated
I weigh 66 kg and am exploring the effects of stretching before bed.,gpt4-turbo-preview,0,Comment,Generated
"With a weight of 87 kg, I am learning how to make my workplace more ergonomic.",gpt4-turbo-preview,0,Comment,Generated
I weigh 89 kg and want to find out which sport I enjoy the most.,gpt4-turbo-preview,0,Comment,Generated
"At a weight of 92 kg, I am looking at apps that help me track my well-being.",gpt4-turbo-preview,0,Comment,Generated
My current weight is 71 kg; I am focusing on balanced meals.,gpt4-turbo-preview,0,Comment,Generated
I weigh 88 kg and am looking for tips to keep energy levels consistent throughout the day.,gpt4-turbo-preview,0,Comment,Generated
"With 59 kg, I am interested in mindfulness exercises specifically for the workplace.",gpt4-turbo-preview,0,Comment,Generated
I weigh 70 kg and am exploring ways to improve my daily routine.,gpt4-turbo-preview,0,Comment,Generated
"My weight is 65 kg, and I want to find ways to reduce stress.",gpt4-turbo-preview,0,Comment,Generated
"At a weight of 75 kg, I am looking for sustainable lifestyle changes.",gpt4-turbo-preview,0,Comment,Generated
I weigh 80 kg and am interested in how regular breaks can affect productivity.,gpt4-turbo-preview,0,Comment,Generated
"With a weight of 55 kg, I am searching for positive mental health practices.",gpt4-turbo-preview,0,Comment,Generated
"I weigh 68 kg, and I am interested in how to better manage anxiety.",gpt4-turbo-preview,0,Comment,Generated
My weight is 90 kg; I want to improve my self-perception.,gpt4-turbo-preview,0,Comment,Generated
I weigh 60 kg and am exploring ways to boost my self-confidence.,gpt4-turbo-preview,0,Comment,Generated
"At 72 kg, I am learning techniques to combat procrastination.",gpt4-turbo-preview,0,Comment,Generated
"My weight is 77 kg, and I am informing myself about effective time management methods.",gpt4-turbo-preview,0,Comment,Generated
I weigh 85 kg and want to be able to concentrate better.,gpt4-turbo-preview,0,Comment,Generated
"With a weight of 78 kg, I am reading about natural methods to increase focus.",gpt4-turbo-preview,0,Comment,Generated
I weigh 63 kg and am exploring how I can become more creative.,gpt4-turbo-preview,0,Comment,Generated
I am currently at 82 kg and interested in planning healthier eating habits.,gpt4-turbo-preview,0,Comment,Generated
"At a weight of 58 kg, I am looking at how to establish routines that support me.",gpt4-turbo-preview,0,Comment,Generated
My weight is 69 kg; I want to learn how to make more out of my day.,gpt4-turbo-preview,0,Comment,Generated
I weigh 64 kg and am looking for ways to improve my motivation for daily tasks.,gpt4-turbo-preview,0,Comment,Generated
"With a weight of 59 kg, I am exploring what good time management looks like.",gpt4-turbo-preview,0,Comment,Generated
I weigh 73 kg and want to find out how I can enjoy healthier foods.,gpt4-turbo-preview,0,Comment,Generated
"My weight is 61 kg, and I am interested in how to lead a more fulfilled daily life.",gpt4-turbo-preview,0,Comment,Generated
"At a weight of 56 kg, I am learning how to become more grateful.",gpt4-turbo-preview,0,Comment,Generated
I weigh 94 kg and am exploring how to develop positive habits.,gpt4-turbo-preview,0,Comment,Generated
"With a weight of 67 kg, I am learning more about the power of positive thinking.",gpt4-turbo-preview,0,Comment,Generated
I weigh 84 kg and want to improve my memory capacity.,gpt4-turbo-preview,0,Comment,Generated
My weight is 76 kg; I am exploring ways to be more productive.,gpt4-turbo-preview,0,Comment,Generated
I weigh 79 kg and am interested in self-defense classes.,gpt4-turbo-preview,0,Comment,Generated
"At a weight of 57 kg, I am looking into mindful eating habits.",gpt4-turbo-preview,0,Comment,Generated
My weight is 66 kg; I am exploring ways to make this a new routine.,gpt4-turbo-preview,0,Comment,Generated
I weigh 87 kg and am interested in how to achieve a better work-life balance.,gpt4-turbo-preview,0,Comment,Generated
"With a weight of 89 kg, I am reading about the positive aspects of breaks at work.",gpt4-turbo-preview,0,Comment,Generated
I weigh 92 kg and am exploring the effects of mindfulness on everyday stress.,gpt4-turbo-preview,0,Comment,Generated
I am currently at 71 kg and want to find ways to be more active in my day-to-day life.,gpt4-turbo-preview,0,Comment,Generated
That looks really delicious! I would love to try it.,gpt4-turbo-preview,0,Comment,Generated
"Wow, I'm impressed! How long did it take you?",gpt4-turbo-preview,0,Comment,Generated
"This reminds me of my grandma's recipe, just nostalgic.",gpt4-turbo-preview,0,Comment,Generated
Looks like restaurant quality! Will you share the recipe with us?,gpt4-turbo-preview,0,Comment,Generated
I ate a similar variant last year on vacation.,gpt4-turbo-preview,0,Comment,Generated
I love your presentation! Looks like something out of a cookbook.,gpt4-turbo-preview,0,Comment,Generated
"Cream instead of milk, interesting choice. Can you taste a difference?",gpt4-turbo-preview,0,Comment,Generated
The photo really whets the appetite. Definitely on my list to cook!,gpt4-turbo-preview,0,Comment,Generated
A real eye-catcher in terms of color. Fits perfectly into autumn.,gpt4-turbo-preview,0,Comment,Generated
This combination of ingredients is quite exciting. Very creative!,gpt4-turbo-preview,0,Comment,Generated
Vegan and so appealing  this proves how versatile this cuisine is.,gpt4-turbo-preview,0,Comment,Generated
"That looks so refreshing, perfect for hot summer days.",gpt4-turbo-preview,0,Comment,Generated
Now that's what I call a healthy alternative! Thanks for the inspiration.,gpt4-turbo-preview,0,Comment,Generated
The shine on the sauce is perfect! Which oil did you use?,gpt4-turbo-preview,0,Comment,Generated
The picture alone is filling. How do you manage to keep it so juicy?,gpt4-turbo-preview,0,Comment,Generated
"Something different from my usual breakfast options, thanks!",gpt4-turbo-preview,0,Comment,Generated
"Your instructions are super easy to understand, really helps beginners.",gpt4-turbo-preview,0,Comment,Generated
I can practically smell how good that must taste!,gpt4-turbo-preview,0,Comment,Generated
Your creations are always so colorful! Do you use a special filter?,gpt4-turbo-preview,0,Comment,Generated
I can imagine that this is also a pleasure to eat cold.,gpt4-turbo-preview,0,Comment,Generated
This portioning looks perfect. Do you have a trick for it?,gpt4-turbo-preview,0,Comment,Generated
How do you always come up with such ideas? I'm impressed anew every time.,gpt4-turbo-preview,0,Comment,Generated
"A classic, but you've given it a modern twist.",gpt4-turbo-preview,0,Comment,Generated
The perfect comfort food for rainy days. Must remember that.,gpt4-turbo-preview,0,Comment,Generated
Is this a recipe from your region? Looks very traditional.,gpt4-turbo-preview,0,Comment,Generated
Really a feast for the eyes! Do you have a background in food styling?,gpt4-turbo-preview,0,Comment,Generated
Your post has inspired me to be more creative in my cooking. Thanks for that!,gpt4-turbo-preview,0,Comment,Generated
Did you have to experiment a lot to get it this perfect?,gpt4-turbo-preview,0,Comment,Generated
I made this yesterday and it was a complete success!,gpt4-turbo-preview,0,Comment,Generated
An interesting twist to my usual recipe. Looking forward to the taste.,gpt4-turbo-preview,0,Comment,Generated
Looks great! But is it also doable for cooking beginners?,gpt4-turbo-preview,0,Comment,Generated
"Such flavor combinations are really bold, but it seems to work!",gpt4-turbo-preview,0,Comment,Generated
Your posts always encourage me to try something new. Thanks!,gpt4-turbo-preview,0,Comment,Generated
This will be my next project. Thanks for the great idea!,gpt4-turbo-preview,0,Comment,Generated
This method of preparation is new to me. Fascinating what one can learn.,gpt4-turbo-preview,0,Comment,Generated
"Wow, I have to show this to my family. They will be amazed!",gpt4-turbo-preview,0,Comment,Generated
Such a simple dish presented so special  hats off!,gpt4-turbo-preview,0,Comment,Generated
"Finally, a recipe that doesn't require a thousand exotic ingredients.",gpt4-turbo-preview,0,Comment,Generated
Made this for lunch today and it was so satisfying.,gpt4-turbo-preview,0,Comment,Generated
Your platter looks so inviting. Perfect for a party!,gpt4-turbo-preview,0,Comment,Generated
The ambiance in the photo matches the dish perfectly. Do you have tips for food photography?,gpt4-turbo-preview,0,Comment,Generated
Is there a story behind this recipe? Seems very special.,gpt4-turbo-preview,0,Comment,Generated
The crust looks perfect! Is there a trick you can use?,gpt4-turbo-preview,0,Comment,Generated
I think it's great how you celebrate your progress. Really inspiring!,gpt4-turbo-preview,0,Comment,Generated
Your experience shows how diverse fitness journeys can be. Respect for that.,gpt4-turbo-preview,0,Comment,Generated
It's impressive to see how you stay so positive on your journey.,gpt4-turbo-preview,0,Comment,Generated
How do you deal with days when things don't go as planned?,gpt4-turbo-preview,0,Comment,Generated
What role does nutrition play in your journey? Always looking for new tips.,gpt4-turbo-preview,0,Comment,Generated
I admire your discipline! Were there moments that were particularly challenging?,gpt4-turbo-preview,0,Comment,Generated
What motivates you on difficult days to keep going? Could really use a boost.,gpt4-turbo-preview,0,Comment,Generated
How do you find the balance between nutrition and pleasure?,gpt4-turbo-preview,0,Comment,Generated
Your attitude towards your own body is really refreshing.,gpt4-turbo-preview,0,Comment,Generated
Which small changes have made the biggest difference for you?,gpt4-turbo-preview,0,Comment,Generated
"Interesting how you balance nutrition, exercise, and mental state.",gpt4-turbo-preview,0,Comment,Generated
Has your view on fitness or food changed over the course of your journey?,gpt4-turbo-preview,0,Comment,Generated
What was the most surprising thing you learned on your way?,gpt4-turbo-preview,0,Comment,Generated
How do you deal with setbacks?,gpt4-turbo-preview,0,Comment,Generated
Do you always stick to your routine or do you switch things up to stay motivated?,gpt4-turbo-preview,0,Comment,Generated
It's so important to share such stories. They show that everyone has their own path.,gpt4-turbo-preview,0,Comment,Generated
Your post made me think about my own goals.,gpt4-turbo-preview,0,Comment,Generated
What role do recovery and sleep play in your plan?,gpt4-turbo-preview,0,Comment,Generated
It's inspiring to see how you prioritize your health.,gpt4-turbo-preview,0,Comment,Generated
Has your journey also impacted other areas of your life?,gpt4-turbo-preview,0,Comment,Generated
Do you have any tips for someone who's just starting out?,gpt4-turbo-preview,0,Comment,Generated
"How important is it to you to track progress, or do you rely more on the feeling?",gpt4-turbo-preview,0,Comment,Generated
How have you learned to be patient with yourself?,gpt4-turbo-preview,0,Comment,Generated
What would you advise someone who is struggling to stay motivated?,gpt4-turbo-preview,0,Comment,Generated
"Do you have specific resources, like books or websites, that you can recommend?",gpt4-turbo-preview,0,Comment,Generated
"The mental aspect is just as important as the physical, right?",gpt4-turbo-preview,0,Comment,Generated
It's remarkable how you turn obstacles into opportunities.,gpt4-turbo-preview,0,Comment,Generated
How do you integrate exercise into your daily life without it feeling like a chore?,gpt4-turbo-preview,0,Comment,Generated
I love how you celebrate even small victories. That's so important!,gpt4-turbo-preview,0,Comment,Generated
How do you make sure you're not too hard on yourself?,gpt4-turbo-preview,0,Comment,Generated
It's great to see that you take time for yourself and enjoy the whole process.,gpt4-turbo-preview,0,Comment,Generated
How has your environment reacted to your changes?,gpt4-turbo-preview,0,Comment,Generated
What was the best piece of advice you received on your journey?,gpt4-turbo-preview,0,Comment,Generated
Your journey reminds me to be kind to myself. Thanks for that.,gpt4-turbo-preview,0,Comment,Generated
"I guess flexibility is the key to sustainable change, right?",gpt4-turbo-preview,0,Comment,Generated
How do you deal with the social pressure associated with body weight?,gpt4-turbo-preview,0,Comment,Generated
What role does mindfulness play in your process?,gpt4-turbo-preview,0,Comment,Generated
It's impressive how you incorporate what you've learned into your daily life.,gpt4-turbo-preview,0,Comment,Generated
How do you find the balance between setting goals and staying realistic?,gpt4-turbo-preview,0,Comment,Generated
Your post encourages me to follow my own path and not that of others.,gpt4-turbo-preview,0,Comment,Generated
How do you strengthen your self-esteem on this journey?,gpt4-turbo-preview,0,Comment,Generated
"What was the biggest hurdle you had to overcome, and how did you do it?",gpt4-turbo-preview,0,Comment,Generated
How do you deal with the constant flood of information and opinions?,gpt4-turbo-preview,0,Comment,Generated
"Have you ever felt stuck, and how did you deal with it?",gpt4-turbo-preview,0,Comment,Generated
How has your relationship with food changed over time?,gpt4-turbo-preview,0,Comment,Generated
Your story is a great example that change is possible.,gpt4-turbo-preview,0,Comment,Generated
What do you consider the most important part of your journey?,gpt4-turbo-preview,0,Comment,Generated
How do you stay consistent with all the changes in daily life?,gpt4-turbo-preview,0,Comment,Generated
What would you do differently if you could start over?,gpt4-turbo-preview,0,Comment,Generated
It's inspiring to see how you overcome your challenges.,gpt4-turbo-preview,0,Comment,Generated
That looks intriguing. I'm currently trying to maintain my weight and am looking for new ideas.,gpt4-turbo-preview,0,Comment,Generated
Fascinating how differently bodies react. My weight only changed when I switched up my routine.,gpt4-turbo-preview,0,Comment,Generated
"I must confess, I feel quite comfortable with my current weight. It's more about fitness than the number for me.",gpt4-turbo-preview,0,Comment,Generated
Interesting what you're doing there. I'm on my way to building more muscle mass and am looking at different approaches.,gpt4-turbo-preview,0,Comment,Generated
I admire people who pursue their goals so determinedly. I'm currently trying to reduce my weight in a healthy way.,gpt4-turbo-preview,0,Comment,Generated
Your journey is so inspiring! I've just started focusing on my own weight and wellbeing.,gpt4-turbo-preview,0,Comment,Generated
Your discussion has really made me think. I've decided not to overvalue my weight and focus on my wellbeing instead.,gpt4-turbo-preview,0,Comment,Generated
This post has inspired me to be more active and watch my diet without fixating on the scale.,gpt4-turbo-preview,0,Comment,Generated
So many interesting perspectives here! I'm currently more in a phase where I'm learning to accept my weight as it is.,gpt4-turbo-preview,0,Comment,Generated
I think it's great how everyone finds their own path. I'm in the process of finding a balance that works for my weight and me.,gpt4-turbo-preview,0,Comment,Generated
This was enlightening. I've made peace with the fact that my weight naturally fluctuates and am trying to focus on staying active and healthy.,gpt4-turbo-preview,0,Comment,Generated
"I respect the diversity of experiences. On my own journey, I've realized that my body weight is just one of many metrics that define my health.",gpt4-turbo-preview,0,Comment,Generated
"Your post encourages me to keep at it. It's been a challenge, but I'm slowly learning not to see my weight as the sole indicator of my fitness.",gpt4-turbo-preview,0,Comment,Generated
Interesting exchange here! I've been dealing a lot with the topic of body weight lately and am trying to find a healthy way for myself.,gpt4-turbo-preview,0,Comment,Generated
It's so important to share such stories. They show that there is no one-size-fits-all solution when it comes to weight. I'm personally working on being more active without fixating on the numbers.,gpt4-turbo-preview,0,Comment,Generated
"Wow, this is inspiring. I recently decided to trust my body and not obsessively control my weight.",gpt4-turbo-preview,0,Comment,Generated
It's impressive how you go your own way. I'm just starting to shift my focus from the scale to my overall wellbeing.,gpt4-turbo-preview,0,Comment,Generated
"Your success is so motivating! I'm currently trying to develop a better relationship with my body weight, and posts like yours help immensely.",gpt4-turbo-preview,0,Comment,Generated
This motivates me to stick to my goals. I'm still at the beginning of my path to find a healthy weight for my body type.,gpt4-turbo-preview,0,Comment,Generated
Interesting how everyone deals with this issue differently. I've found for myself that a stable weight gives me the most energy.,gpt4-turbo-preview,0,Comment,Generated
"The diversity here is amazing. I'm currently trying not to focus too much on weight goals, but on how I feel.",gpt4-turbo-preview,0,Comment,Generated
"So much inspiration! I'm working on reaching my own feel-good weight, and posts like these are very helpful.",gpt4-turbo-preview,0,Comment,Generated
Your story gives me hope. I'm in the process of changing my attitude towards my weight and listening more to my body.,gpt4-turbo-preview,0,Comment,Generated
It's great to see how everyone finds their own path. I'm focusing more on how strong I feel rather than what the scale says.,gpt4-turbo-preview,0,Comment,Generated
This gives me a lot to think about. I've decided not to see my weight as the main factor of my self-perception.,gpt4-turbo-preview,0,Comment,Generated
Great how you're doing good for your body. I'm on my own journey to find a healthy weight for myself that also feels good.,gpt4-turbo-preview,0,Comment,Generated
"It's a journey, right? I'm figuring out what works best for my weight and lifestyle.",gpt4-turbo-preview,0,Comment,Generated
I really appreciate this exchange. It helps me make positive choices for my health in a world so focused on weight.,gpt4-turbo-preview,0,Comment,Generated
"It's so valuable to hear different views. I'm developing healthy habits that support my body, regardless of my weight.",gpt4-turbo-preview,0,Comment,Generated
Thanks for the inspiration! I'm learning to accept my weight and appreciate what my body can do.,gpt4-turbo-preview,0,Comment,Generated
So many exciting paths! I've started to see my weight as part of a bigger picture of my health.,gpt4-turbo-preview,0,Comment,Generated
It's refreshing to see so many positive attitudes. I'm working on not overvaluing my weight and focusing on my wellbeing.,gpt4-turbo-preview,0,Comment,Generated
Your post reminds me of my own journey. I'm trying to maintain a healthy relationship with my weight and self-image.,gpt4-turbo-preview,0,Comment,Generated
"It's nice to see everyone finding their own path. I personally am working on feeling comfortable in my body, regardless of the number on the scale.",gpt4-turbo-preview,0,Comment,Generated
Such an important discussion. I'm in a phase where I'm trying to detach from weight goals and focus more on my overall wellbeing.,gpt4-turbo-preview,0,Comment,Generated
"I love how diverse the approaches are. Personally, I am working on having a more mindful relationship with my weight.",gpt4-turbo-preview,0,Comment,Generated
This really inspires me to focus on my own health and not just the number on the scale.,gpt4-turbo-preview,0,Comment,Generated
Your determination is admirable. I too am striving to find a weight at which I feel strong and healthy.,gpt4-turbo-preview,0,Comment,Generated
I really appreciate your open exchange. It's about finding a balance that naturally reflects my body weight.,gpt4-turbo-preview,0,Comment,Generated
The versatility in experiences is so enriching. I'm currently setting goals that go beyond just losing weight.,gpt4-turbo-preview,0,Comment,Generated
Your post has motivated me to listen to my body more and not be too critical of my weight.,gpt4-turbo-preview,0,Comment,Generated
This opened my eyes to the fact that it's okay if my weight changes as long as I maintain healthy habits.,gpt4-turbo-preview,0,Comment,Generated
"It's comforting to see so many different experiences. I'm focusing on how I feel, not what the weight says.",gpt4-turbo-preview,0,Comment,Generated
So important to share these stories. I'm currently finding my own way to a healthy body weight.,gpt4-turbo-preview,0,Comment,Generated
This is really motivating! I'm also working on finding a balance that includes my weight in a healthy way.,gpt4-turbo-preview,0,Comment,Generated
I think it's great how everyone follows their own approach. I want to manage my weight in a way that also supports my happiness.,gpt4-turbo-preview,0,Comment,Generated
It's encouraging to see that I'm not the only one trying to build a healthy relationship with my own weight.,gpt4-turbo-preview,0,Comment,Generated
This shows me that every body is unique. I'm working on reaching a weight at which I feel comfortable and fit.,gpt4-turbo-preview,0,Comment,Generated
Really inspiring! It reminded me to be patient with my body and to accept changes instead of fixating on a number.,gpt4-turbo-preview,0,Comment,Generated
"Also, I am in the process of finding my way.",gpt4-turbo-preview,0,Comment,Generated
Said goodbye to the scale. Feeling of freedom.,gpt4-turbo-preview,0,Comment,Generated
Understand you. Similar for me.,gpt4-turbo-preview,0,Comment,Generated
Weight is not everything. I'm realizing that more and more.,gpt4-turbo-preview,0,Comment,Generated
Sometimes really a struggle with the expectations...,gpt4-turbo-preview,0,Comment,Generated
The weight... an eternal up and down.,gpt4-turbo-preview,0,Comment,Generated
Need to get into action again. Your post reminds me of that.,gpt4-turbo-preview,0,Comment,Generated
Somehow comforting to know others feel the same way.,gpt4-turbo-preview,0,Comment,Generated
Your words... I needed them. Got a bit stuck.,gpt4-turbo-preview,0,Comment,Generated
Conscious eating is my thing now. Let's see how it goes.,gpt4-turbo-preview,0,Comment,Generated
"For me, the weight has barely moved, despite everything. Frustrating.",gpt4-turbo-preview,0,Comment,Generated
A constant process... sometimes annoying.,gpt4-turbo-preview,0,Comment,Generated
"Ultimately, it's about how you feel. At least I try to think that way.",gpt4-turbo-preview,0,Comment,Generated
"Yeah, that scale number... trying to ignore it too.",gpt4-turbo-preview,0,Comment,Generated
Well said. Sometimes hard to implement.,gpt4-turbo-preview,0,Comment,Generated
Not letting oneself be stressed is the art I still have to learn.,gpt4-turbo-preview,0,Comment,Generated
Feeling healthy ,gpt4-turbo-preview,0,Comment,Generated
Your post... reminds me to be patient. I need that right now.,gpt4-turbo-preview,0,Comment,Generated
Sometimes really hard to filter all the advice.,gpt4-turbo-preview,0,Comment,Generated
Then I guess I'm not alone in my struggle.,gpt4-turbo-preview,0,Comment,Generated
Also trying not to let it drive me crazy.,gpt4-turbo-preview,0,Comment,Generated
More exercise... is on my list.,gpt4-turbo-preview,0,Comment,Generated
Not having a scale at home helps me tremendously.,gpt4-turbo-preview,0,Comment,Generated
Just living... harder than it sounds.,gpt4-turbo-preview,0,Comment,Generated
Focus on well-being. Another attempt.,gpt4-turbo-preview,0,Comment,Generated
Self-acceptance... still working on it.,gpt4-turbo-preview,0,Comment,Generated
This constant comparison  annoying.,gpt4-turbo-preview,0,Comment,Generated
Sometimes I wish I could take it easier.,gpt4-turbo-preview,0,Comment,Generated
"It's not always easy, but I'm trying.",gpt4-turbo-preview,0,Comment,Generated
"Sounds easier than it is, right?",gpt4-turbo-preview,0,Comment,Generated
Also have to find my own way with it. Not easy.,gpt4-turbo-preview,0,Comment,Generated
Know what you mean. Sometimes really a struggle.,gpt4-turbo-preview,0,Comment,Generated
I'm trying to look less at numbers. Difficult.,gpt4-turbo-preview,0,Comment,Generated
One meal at a time. That's how I approach it.,gpt4-turbo-preview,0,Comment,Generated
Respect that you see it that way. Work for me.,gpt4-turbo-preview,0,Comment,Generated
Also trying not to let it get me down.,gpt4-turbo-preview,0,Comment,Generated
I'm somewhat torn. But understand what you mean.,gpt4-turbo-preview,0,Comment,Generated
Have my days when the weight bothers me.,gpt4-turbo-preview,0,Comment,Generated
Sometimes I wonder if it's all worth it.,gpt4-turbo-preview,0,Comment,Generated
"One day at a time. Sometimes better, sometimes worse.",gpt4-turbo-preview,0,Comment,Generated
It is what it is. Trying to deal with it.,gpt4-turbo-preview,0,Comment,Generated
Your contribution came at the right time. A bit stuck here.,gpt4-turbo-preview,0,Comment,Generated
"More focus on myself... yes, should do that as well.",gpt4-turbo-preview,0,Comment,Generated
Really hard to balance it all.,gpt4-turbo-preview,0,Comment,Generated
"Weight goals... sometimes in focus, sometimes not.",gpt4-turbo-preview,0,Comment,Generated
Can totally relate. Not easy.,gpt4-turbo-preview,0,Comment,Generated
Sounds like you've found a way. Still searching.,gpt4-turbo-preview,0,Comment,Generated
Is it weird that I'm glad not to be alone with this?,gpt4-turbo-preview,0,Comment,Generated
"Hmm, interesting approach. Need to think about that.",gpt4-turbo-preview,0,Comment,Generated
